insert into expansions (id, name, short_name, release_order)
values
  ('arr', 'A Realm Reborn', 'ARR', 10),
  ('heavensward', 'Heavensward', 'HW', 20),
  ('stormblood', 'Stormblood', 'SB', 30),
  ('shadowbringers', 'Shadowbringers', 'ShB', 40),
  ('endwalker', 'Endwalker', 'EW', 50),
  ('dawntrail', 'Dawntrail', 'DT', 60)
on conflict (id) do update set
  name = excluded.name,
  short_name = excluded.short_name,
  release_order = excluded.release_order,
  is_active = true;

insert into content_categories (id, name, sort_order)
values
  ('ultimate', 'Ultimate Raids', 10),
  ('extreme_trial', 'Extreme Trials', 20),
  ('savage_raid', 'Savage Raids', 30)
on conflict (id) do update set
  name = excluded.name,
  sort_order = excluded.sort_order,
  is_active = true;

insert into content (id, expansion_id, category_id, name, short_name, sort_order)
values
  ('ucob', 'stormblood', 'ultimate', 'The Unending Coil of Bahamut (Ultimate)', 'UCOB', 10),
  ('uwu', 'stormblood', 'ultimate', 'The Weapon''s Refrain (Ultimate)', 'UWU', 20),
  ('tea', 'shadowbringers', 'ultimate', 'The Epic of Alexander (Ultimate)', 'TEA', 30),
  ('dsr', 'endwalker', 'ultimate', 'Dragonsong''s Reprise (Ultimate)', 'DSR', 40),
  ('top', 'endwalker', 'ultimate', 'The Omega Protocol (Ultimate)', 'TOP', 50),
  ('fru', 'dawntrail', 'ultimate', 'Futures Rewritten (Ultimate)', 'FRU', 60),
  ('arr-ex1', 'arr', 'extreme_trial', 'The Minstrel''s Ballad: Ultima''s Bane', 'Ultima EX', 10),
  ('arr-ex2', 'arr', 'extreme_trial', 'The Howling Eye (Extreme)', 'Garuda EX', 20),
  ('arr-ex3', 'arr', 'extreme_trial', 'The Navel (Extreme)', 'Titan EX', 30),
  ('arr-ex4', 'arr', 'extreme_trial', 'The Bowl of Embers (Extreme)', 'Ifrit EX', 40),
  ('arr-ex5', 'arr', 'extreme_trial', 'Thornmarch (Extreme)', 'Moggle Mog EX', 50),
  ('arr-ex6', 'arr', 'extreme_trial', 'The Whorleater (Extreme)', 'Leviathan EX', 60),
  ('arr-ex7', 'arr', 'extreme_trial', 'The Striking Tree (Extreme)', 'Ramuh EX', 70),
  ('arr-ex8', 'arr', 'extreme_trial', 'The Akh Afah Amphitheatre (Extreme)', 'Shiva EX', 80),
  ('hw-ex1', 'heavensward', 'extreme_trial', 'Thok ast Thok (Extreme)', 'Ravana EX', 10),
  ('hw-ex2', 'heavensward', 'extreme_trial', 'The Limitless Blue (Extreme)', 'Bismarck EX', 20),
  ('hw-ex3', 'heavensward', 'extreme_trial', 'The Minstrel''s Ballad: Thordan''s Reign', 'Thordan EX', 30),
  ('hw-ex4', 'heavensward', 'extreme_trial', 'Containment Bay S1T7 (Extreme)', 'Sephirot EX', 40),
  ('hw-ex5', 'heavensward', 'extreme_trial', 'The Minstrel''s Ballad: Nidhogg''s Rage', 'Nidhogg EX', 50),
  ('hw-ex6', 'heavensward', 'extreme_trial', 'Containment Bay P1T6 (Extreme)', 'Sophia EX', 60),
  ('hw-ex7', 'heavensward', 'extreme_trial', 'Containment Bay Z1T9 (Extreme)', 'Zurvan EX', 70),
  ('sb-ex1', 'stormblood', 'extreme_trial', 'The Pool of Tribute (Extreme)', 'Susano EX', 10),
  ('sb-ex2', 'stormblood', 'extreme_trial', 'Emanation (Extreme)', 'Lakshmi EX', 20),
  ('sb-ex3', 'stormblood', 'extreme_trial', 'The Minstrel''s Ballad: Shinryu''s Domain', 'Shinryu EX', 30),
  ('sb-ex4', 'stormblood', 'extreme_trial', 'The Jade Stoa (Extreme)', 'Byakko EX', 40),
  ('sb-ex5', 'stormblood', 'extreme_trial', 'The Great Hunt (Extreme)', 'Rathalos EX', 50),
  ('sb-ex6', 'stormblood', 'extreme_trial', 'The Minstrel''s Ballad: Tsukuyomi''s Pain', 'Tsukuyomi EX', 60),
  ('sb-ex7', 'stormblood', 'extreme_trial', 'Hells'' Kier (Extreme)', 'Suzaku EX', 70),
  ('sb-ex8', 'stormblood', 'extreme_trial', 'The Wreath of Snakes (Extreme)', 'Seiryu EX', 80),
  ('shb-ex1', 'shadowbringers', 'extreme_trial', 'The Dancing Plague (Extreme)', 'Titania EX', 10),
  ('shb-ex2', 'shadowbringers', 'extreme_trial', 'The Crown of the Immaculate (Extreme)', 'Innocence EX', 20),
  ('shb-ex3', 'shadowbringers', 'extreme_trial', 'The Minstrel''s Ballad: Hades''s Elegy', 'Hades EX', 30),
  ('shb-ex4', 'shadowbringers', 'extreme_trial', 'Cinder Drift (Extreme)', 'Ruby Weapon EX', 40),
  ('shb-ex5', 'shadowbringers', 'extreme_trial', 'Memoria Misera (Extreme)', 'Varis EX', 50),
  ('shb-ex6', 'shadowbringers', 'extreme_trial', 'The Seat of Sacrifice (Extreme)', 'WoL EX', 60),
  ('shb-ex7', 'shadowbringers', 'extreme_trial', 'Castrum Marinum (Extreme)', 'Emerald Weapon EX', 70),
  ('shb-ex8', 'shadowbringers', 'extreme_trial', 'The Cloud Deck (Extreme)', 'Diamond Weapon EX', 80),
  ('ew-ex1', 'endwalker', 'extreme_trial', 'The Minstrel''s Ballad: Zodiark''s Fall', 'Zodiark EX', 10),
  ('ew-ex2', 'endwalker', 'extreme_trial', 'The Minstrel''s Ballad: Hydaelyn''s Call', 'Hydaelyn EX', 20),
  ('ew-ex3', 'endwalker', 'extreme_trial', 'The Minstrel''s Ballad: Endsinger''s Aria', 'Endsinger EX', 30),
  ('ew-ex4', 'endwalker', 'extreme_trial', 'Storm''s Crown (Extreme)', 'Barbariccia EX', 40),
  ('ew-ex5', 'endwalker', 'extreme_trial', 'Mount Ordeals (Extreme)', 'Rubicante EX', 50),
  ('ew-ex6', 'endwalker', 'extreme_trial', 'The Voidcast Dais (Extreme)', 'Golbez EX', 60),
  ('ew-ex7', 'endwalker', 'extreme_trial', 'The Abyssal Fracture (Extreme)', 'Zeromus EX', 70),
  ('dt-ex1', 'dawntrail', 'extreme_trial', 'Worqor Lar Dor (Extreme)', 'EX1', 10),
  ('dt-ex2', 'dawntrail', 'extreme_trial', 'Everkeep (Extreme)', 'EX2', 20),
  ('dt-ex3', 'dawntrail', 'extreme_trial', 'The Minstrel''s Ballad: Sphene''s Burden', 'EX3', 30),
  ('dt-ex4', 'dawntrail', 'extreme_trial', 'Recollection (Extreme)', 'EX4', 40),
  ('dt-ex5', 'dawntrail', 'extreme_trial', 'The Minstrel''s Ballad: Necron''s Embrace', 'EX5', 50),
  ('dt-ex6', 'dawntrail', 'extreme_trial', 'The Windward Wilds (Extreme)', 'EX6', 60),
  ('dt-ex7', 'dawntrail', 'extreme_trial', 'Hell on Rails (Extreme)', 'EX7', 70),
  ('dt-ex8', 'dawntrail', 'extreme_trial', 'The Unmaking (Extreme)', 'EX8', 80),
  ('t6s', 'arr', 'savage_raid', 'The Second Coil of Bahamut - Turn 1 (Savage)', 'T6S', 10),
  ('t7s', 'arr', 'savage_raid', 'The Second Coil of Bahamut - Turn 2 (Savage)', 'T7S', 20),
  ('t8s', 'arr', 'savage_raid', 'The Second Coil of Bahamut - Turn 3 (Savage)', 'T8S', 30),
  ('t9s', 'arr', 'savage_raid', 'The Second Coil of Bahamut - Turn 4 (Savage)', 'T9S', 40),
  ('a1s', 'heavensward', 'savage_raid', 'Alexander - The Fist of the Father (Savage)', 'A1S', 10),
  ('a2s', 'heavensward', 'savage_raid', 'Alexander - The Cuff of the Father (Savage)', 'A2S', 20),
  ('a3s', 'heavensward', 'savage_raid', 'Alexander - The Arm of the Father (Savage)', 'A3S', 30),
  ('a4s', 'heavensward', 'savage_raid', 'Alexander - The Burden of the Father (Savage)', 'A4S', 40),
  ('a5s', 'heavensward', 'savage_raid', 'Alexander - The Fist of the Son (Savage)', 'A5S', 50),
  ('a6s', 'heavensward', 'savage_raid', 'Alexander - The Cuff of the Son (Savage)', 'A6S', 60),
  ('a7s', 'heavensward', 'savage_raid', 'Alexander - The Arm of the Son (Savage)', 'A7S', 70),
  ('a8s', 'heavensward', 'savage_raid', 'Alexander - The Burden of the Son (Savage)', 'A8S', 80),
  ('a9s', 'heavensward', 'savage_raid', 'Alexander - The Eyes of the Creator (Savage)', 'A9S', 90),
  ('a10s', 'heavensward', 'savage_raid', 'Alexander - The Breath of the Creator (Savage)', 'A10S', 100),
  ('a11s', 'heavensward', 'savage_raid', 'Alexander - The Heart of the Creator (Savage)', 'A11S', 110),
  ('a12s', 'heavensward', 'savage_raid', 'Alexander - The Soul of the Creator (Savage)', 'A12S', 120),
  ('o1s', 'stormblood', 'savage_raid', 'Deltascape V1.0 (Savage)', 'O1S', 10),
  ('o2s', 'stormblood', 'savage_raid', 'Deltascape V2.0 (Savage)', 'O2S', 20),
  ('o3s', 'stormblood', 'savage_raid', 'Deltascape V3.0 (Savage)', 'O3S', 30),
  ('o4s', 'stormblood', 'savage_raid', 'Deltascape V4.0 (Savage)', 'O4S', 40),
  ('o5s', 'stormblood', 'savage_raid', 'Sigmascape V1.0 (Savage)', 'O5S', 50),
  ('o6s', 'stormblood', 'savage_raid', 'Sigmascape V2.0 (Savage)', 'O6S', 60),
  ('o7s', 'stormblood', 'savage_raid', 'Sigmascape V3.0 (Savage)', 'O7S', 70),
  ('o8s', 'stormblood', 'savage_raid', 'Sigmascape V4.0 (Savage)', 'O8S', 80),
  ('o9s', 'stormblood', 'savage_raid', 'Alphascape V1.0 (Savage)', 'O9S', 90),
  ('o10s', 'stormblood', 'savage_raid', 'Alphascape V2.0 (Savage)', 'O10S', 100),
  ('o11s', 'stormblood', 'savage_raid', 'Alphascape V3.0 (Savage)', 'O11S', 110),
  ('o12s', 'stormblood', 'savage_raid', 'Alphascape V4.0 (Savage)', 'O12S', 120),
  ('e1s', 'shadowbringers', 'savage_raid', 'Eden''s Gate: Resurrection (Savage)', 'E1S', 10),
  ('e2s', 'shadowbringers', 'savage_raid', 'Eden''s Gate: Descent (Savage)', 'E2S', 20),
  ('e3s', 'shadowbringers', 'savage_raid', 'Eden''s Gate: Inundation (Savage)', 'E3S', 30),
  ('e4s', 'shadowbringers', 'savage_raid', 'Eden''s Gate: Sepulture (Savage)', 'E4S', 40),
  ('e5s', 'shadowbringers', 'savage_raid', 'Eden''s Verse: Fulmination (Savage)', 'E5S', 50),
  ('e6s', 'shadowbringers', 'savage_raid', 'Eden''s Verse: Furor (Savage)', 'E6S', 60),
  ('e7s', 'shadowbringers', 'savage_raid', 'Eden''s Verse: Iconoclasm (Savage)', 'E7S', 70),
  ('e8s', 'shadowbringers', 'savage_raid', 'Eden''s Verse: Refulgence (Savage)', 'E8S', 80),
  ('e9s', 'shadowbringers', 'savage_raid', 'Eden''s Promise: Umbra (Savage)', 'E9S', 90),
  ('e10s', 'shadowbringers', 'savage_raid', 'Eden''s Promise: Litany (Savage)', 'E10S', 100),
  ('e11s', 'shadowbringers', 'savage_raid', 'Eden''s Promise: Anamorphosis (Savage)', 'E11S', 110),
  ('e12s', 'shadowbringers', 'savage_raid', 'Eden''s Promise: Eternity (Savage)', 'E12S', 120),
  ('p1s', 'endwalker', 'savage_raid', 'Asphodelos: The First Circle (Savage)', 'P1S', 10),
  ('p2s', 'endwalker', 'savage_raid', 'Asphodelos: The Second Circle (Savage)', 'P2S', 20),
  ('p3s', 'endwalker', 'savage_raid', 'Asphodelos: The Third Circle (Savage)', 'P3S', 30),
  ('p4s', 'endwalker', 'savage_raid', 'Asphodelos: The Fourth Circle (Savage)', 'P4S', 40),
  ('p5s', 'endwalker', 'savage_raid', 'Abyssos: The Fifth Circle (Savage)', 'P5S', 50),
  ('p6s', 'endwalker', 'savage_raid', 'Abyssos: The Sixth Circle (Savage)', 'P6S', 60),
  ('p7s', 'endwalker', 'savage_raid', 'Abyssos: The Seventh Circle (Savage)', 'P7S', 70),
  ('p8s', 'endwalker', 'savage_raid', 'Abyssos: The Eighth Circle (Savage)', 'P8S', 80),
  ('p9s', 'endwalker', 'savage_raid', 'Anabaseios: The Ninth Circle (Savage)', 'P9S', 90),
  ('p10s', 'endwalker', 'savage_raid', 'Anabaseios: The Tenth Circle (Savage)', 'P10S', 100),
  ('p11s', 'endwalker', 'savage_raid', 'Anabaseios: The Eleventh Circle (Savage)', 'P11S', 110),
  ('p12s', 'endwalker', 'savage_raid', 'Anabaseios: The Twelfth Circle (Savage)', 'P12S', 120),
  ('m1s', 'dawntrail', 'savage_raid', 'AAC Light-heavyweight M1 (Savage)', 'M1S', 10),
  ('m2s', 'dawntrail', 'savage_raid', 'AAC Light-heavyweight M2 (Savage)', 'M2S', 20),
  ('m3s', 'dawntrail', 'savage_raid', 'AAC Light-heavyweight M3 (Savage)', 'M3S', 30),
  ('m4s', 'dawntrail', 'savage_raid', 'AAC Light-heavyweight M4 (Savage)', 'M4S', 40),
  ('m5s', 'dawntrail', 'savage_raid', 'AAC Cruiserweight M1 (Savage)', 'M5S', 50),
  ('m6s', 'dawntrail', 'savage_raid', 'AAC Cruiserweight M2 (Savage)', 'M6S', 60),
  ('m7s', 'dawntrail', 'savage_raid', 'AAC Cruiserweight M3 (Savage)', 'M7S', 70),
  ('m8s', 'dawntrail', 'savage_raid', 'AAC Cruiserweight M4 (Savage)', 'M8S', 80),
  ('m9s', 'dawntrail', 'savage_raid', 'AAC Heavyweight M1 (Savage)', 'M9S', 90),
  ('m10s', 'dawntrail', 'savage_raid', 'AAC Heavyweight M2 (Savage)', 'M10S', 100),
  ('m11s', 'dawntrail', 'savage_raid', 'AAC Heavyweight M3 (Savage)', 'M11S', 110),
  ('m12s', 'dawntrail', 'savage_raid', 'AAC Heavyweight M4 (Savage)', 'M12S', 120)
on conflict (id) do update set
  expansion_id = excluded.expansion_id,
  category_id = excluded.category_id,
  name = excluded.name,
  short_name = excluded.short_name,
  sort_order = excluded.sort_order,
  is_active = true;
